Name,Organisation,Phone,Email,Address,Birthday
Samuel Short,Convallis Inc.,+91 9499109040,Phasellus@suscipitnonummyFusce.co.uk,"P.O. Box 322, 7849 Nunc Av.",20080403
Mia Jensen,Ut Pellentesque Eget Corp.,+91 7680256715,nisi.Cum.sociis@NullamenimSed.ca,"P.O. Box 195, 6074 Proin Av.",20060630
Kirk Hampton,Fusce Dolor Corporation,+91 8469919078,aliquet.vel@ligula.co.uk,"P.O. Box 309, 5319 Commodo Rd.",20190310
Keiko Cochran,A Auctor Corp.,+91 3265921147,elementum.dui.quis@sitamet.com,"P.O. Box 692, 3746 Aenean Av.",20021207
Jescie Weiss,Orci Luctus Et Corp.,+91 8591400642,cursus.Integer.mollis@nisiAenean.com,9032 Arcu. Av.,20020125
Anastasia Summers,Euismod Urna Ltd,+91 4770035313,non.arcu.Vivamus@laciniavitae.co.uk,139-9396 Sodales Rd.,20000426
Sophia Shepherd,Rhoncus Institute,+91 8644953797,mauris@tincidunt.org,293-3295 Mi. Ave,20050624
Pearl Sosa,Blandit Mattis Associates,+91 7423971657,vel.lectus@diam.com,Ap #900-3985 Auctor Street,20010106
Teegan Ferguson,Feugiat Non Lobortis Incorporated,+91 0301997675,amet@hymenaeosMaurisut.edu,117-2702 Aliquam Rd.,20031230
Kirsten Golden,Arcu Vel Quam Associates,+91 5629365703,elit@Nulla.edu,2415 Arcu. St.,20040202
Garth Chaney,Maecenas Associates,+91 9667222759,arcu.imperdiet@purusactellus.co.uk,"P.O. Box 589, 9902 Aenean Avenue",20071104
Olga Sims,Scelerisque Sed Corp.,+91 6541956233,feugiat.nec.diam@Vivamussit.ca,829-6258 Laoreet Ave,20120426
Leroy Bradshaw,Nulla Integer Urna Corp.,+91 0375920210,blandit@fringilla.ca,"P.O. Box 829, 5553 Quis Rd.",20130903
Kenneth Ramos,Mauris Consulting,+91 5226359740,at@bibendumsedest.org,805-7228 Amet Rd.,20090923
Abigail Horn,Feugiat Placerat Incorporated,+91 5594057213,semper.tellus@erat.co.uk,"426-6956 Sapien, St.",20040904
Deirdre White,Quisque Nonummy Ipsum Institute,+91 3128256818,a.tortor@malesuadafames.edu,"P.O. Box 907, 3981 Non St.",20000108
Ariel Fleming,Sagittis Felis Donec Limited,+91 2004240130,eu.tellus@odiosempercursus.edu,"P.O. Box 589, 6232 In Avenue",20130828
Yvette Perry,Eu Sem Pellentesque Incorporated,+91 0533510812,ac.fermentum.vel@Nullam.ca,"P.O. Box 766, 6994 Nec Av.",19991006
Morgan Burke,Etiam Vestibulum Limited,+91 9254580335,nisi@necimperdiet.ca,6127 Tincidunt Ave,20050713
Chaim Dickerson,Cras Eget Nisi Limited,+91 4903794160,dolor.quam.elementum@est.edu,851-6225 Ante Road,20170226
Anastasia Ford,Gravida Sagittis LLC,+91 9345946719,mauris.ut@ligulaNullamenim.net,"P.O. Box 594, 803 Egestas. Ave",20010212
Malachi Greene,Proin Dolor Nulla Institute,+91 0609615938,feugiat@vitaealiquetnec.ca,Ap #515-2315 Metus Ave,20030731
Jasper Ford,Non Enim Inc.,+91 8489693835,Suspendisse.aliquet.molestie@nequeet.org,Ap #713-4157 Cum St.,20021030
Unity Ball,Purus Foundation,+91 2923224020,gravida.mauris.ut@adipiscing.org,"Ap #315-8180 Quis, Rd.",20090218
Hedda Mcmahon,Facilisis Magna Foundation,+91 4525809542,enim@mollisPhaselluslibero.ca,Ap #499-5024 Nunc St.,20070416
Kadeem Rhodes,Sit Amet Foundation,+91 5447334339,interdum.Curabitur.dictum@fermentum.ca,6332 Tristique Road,20130829
Magee Kirby,Commodo At Limited,+91 4713246673,mi.fringilla@Cumsociis.net,"747-6844 Vel, Rd.",20170322
Paki Myers,Velit Justo Incorporated,+91 7654451484,et.magnis@Nullamscelerisqueneque.edu,"P.O. Box 122, 8232 Gravida Avenue",20030630
Ulla Mcdaniel,Nisl Limited,+91 9039837962,rutrum.lorem.ac@nequevitae.org,185-7169 Nec Rd.,20050402
Castor Gilmore,Cum Sociis Inc.,+91 2666669382,ornare.placerat@tincidunt.net,213-9078 Aliquam Ave,20160311
Sean Collier,Erat Vivamus Company,+91 3748481203,eros@feugiat.org,"Ap #668-6418 Sapien, Road",20030518
Anika Washington,A Incorporated,+91 5957201686,amet.risus@non.co.uk,Ap #795-5081 Semper. Ave,20091208
Jaquelyn Vang,Eget Volutpat PC,+91 1583599559,amet.faucibus@acmi.net,"P.O. Box 723, 5678 Diam. St.",20110219
Keane Bass,Enim Limited,+91 5567232248,Nullam.suscipit@laoreet.ca,"P.O. Box 104, 8031 Molestie Road",20000205
Simon Griffith,Nec Malesuada Ut LLP,+91 4629394198,lobortis@pretiumet.edu,Ap #718-5425 Gravida Av.,20070719
Tyrone Salinas,In Company,+91 9921148170,nec.cursus@ullamcorperDuiscursus.org,584-7192 Nec Ave,20180321
Jakeem Gay,Donec Tempor Est Company,+91 6826805115,nisl@neque.org,4398 Aliquam Rd.,20030525
Stone Leonard,At Lacus Quisque Incorporated,+91 4864930683,eu.tempor@Suspendissenon.edu,Ap #841-8658 Faucibus. Road,20130922
Clark Cobb,Nulla LLC,+91 8896489005,a.aliquet.vel@Nunc.net,"P.O. Box 150, 2525 Mattis Road",20120804
Bree Church,Arcu Nunc Mauris LLC,+91 1387973271,lectus@Craseget.net,286-6173 Nulla. Av.,20020606
Kim Avery,Mauris PC,+91 2776916454,tincidunt@ridiculusmus.org,983-1987 Ultricies Rd.,20140503
Lee Pickett,Non Magna Nam Foundation,+91 2469817215,Curae@temporeratneque.org,713-8935 Adipiscing St.,20001021
Britanni Lambert,Nulla Consulting,+91 4071846204,vulputate.lacus@ac.edu,237-4740 Tempus Avenue,20000322
Raja Benjamin,Eros Proin Ultrices LLC,+91 4909621860,facilisis@malesuadavelvenenatis.com,Ap #294-3312 In Road,20051126
Signe Tran,At Pede Institute,+91 4265166820,odio.a@gravidamolestiearcu.org,"103-4443 Quam, Road",20060818
Wynter Mclean,Nascetur Ridiculus Mus Associates,+91 4452021086,Nullam@accumsan.org,"P.O. Box 944, 4895 Aliquet Rd.",20180807
Vincent Rodriquez,A Enim Suspendisse Incorporated,+91 0586050577,turpis.non@nectempusscelerisque.com,9331 Suspendisse Street,20021002
Beck Dominguez,Tellus Company,+91 7033824306,in@Nunclaoreet.net,588 A Street,20070913
Suki Townsend,Pellentesque Inc.,+91 4317143655,amet@fermentum.com,"P.O. Box 212, 4574 Sit Av.",20090910
Zenaida Mayo,Mauris Vel LLP,+91 8552492616,metus@diamPellentesquehabitant.net,"P.O. Box 301, 7945 Lectus, Av.",20130324
Craig Levy,Dignissim Maecenas Inc.,+91 1046290065,mauris.ut.mi@orciconsectetuer.com,"P.O. Box 442, 1815 Fringilla Ave",20151221
Dakota Ballard,Facilisis Lorem Tristique Industries,+91 7737526095,Cras.vulputate.velit@Quisqueornare.com,327-7981 Purus. Rd.,20160209
Jerry Briggs,Non Consulting,+91 4772321761,Nullam.lobortis@ligulatortordictum.ca,Ap #291-5133 Ornare Road,20140902
Wyatt Park,Suspendisse Sed Dolor Limited,+91 2961090789,sit@lobortis.org,"534-639 Dolor, Rd.",20031226
Zelenia Merritt,Vitae Associates,+91 5137726224,erat@Proinsed.edu,Ap #837-5003 Id St.,20050601
Vance Henderson,Dolor Industries,+91 4818340272,volutpat.ornare@cursus.com,500 Natoque Ave,20090505
Daniel Briggs,Nunc Mauris Limited,+91 2238928102,metus.eu@ridiculus.co.uk,"P.O. Box 972, 8713 Integer Street",20010308
Fritz Underwood,Magna Consulting,+91 2634608275,mus@rhoncusNullam.net,"P.O. Box 534, 612 Purus Street",20170121
Abbot Burton,Cras Lorem Lorem Inc.,+91 8353583845,tincidunt@Fuscediam.ca,5596 Quam. St.,20070424
Cedric Mejia,Sem Ut Cursus LLP,+91 2991905817,Aliquam.nisl.Nulla@CuraePhasellusornare.com,5751 Aliquam Rd.,20151012
Ethan Stanton,Odio A Industries,+91 5888055102,Pellentesque.ut.ipsum@ornarefacilisis.edu,Ap #159-2180 Magna. Street,20160506
Rafael Horne,Odio Aliquam Corporation,+91 5693282915,orci.Ut.semper@Praesentinterdumligula.com,"356-9317 Placerat, Ave",20100417
Gail Cain,Nibh Corporation,+91 4687185366,tempor@malesuada.ca,132 Neque Avenue,20081214
Lana Hawkins,In At Pede PC,+91 5445486991,dignissim.magna@dolorsitamet.co.uk,"P.O. Box 156, 7519 Eget Road",20130111
Cyrus Slater,Lectus Nullam Industries,+91 4038261662,tincidunt.pede.ac@tinciduntcongue.edu,Ap #960-148 Praesent Rd.,20090406
Kim Nixon,Nullam Limited,+91 8833955488,semper.pretium@tempor.edu,7771 Eu Av.,20050614
Walker Mooney,Nascetur Ridiculus Mus Industries,+91 9796645579,molestie@interdumCurabitur.edu,576-8056 Sit Rd.,20090824
Nasim Gallagher,Nunc Id PC,+91 3137293451,non@nequenonquam.ca,Ap #122-3722 Quisque Road,20000914
Mason Gardner,Non Corp.,+91 1712336148,ullamcorper@QuisquevariusNam.net,"P.O. Box 272, 7442 Molestie St.",20130927
Owen Boone,Nisl Sem Inc.,+91 3584441998,porttitor.vulputate.posuere@viverra.net,9031 Risus Road,20031029
Sierra Matthews,Sit Incorporated,+91 5133786963,erat.nonummy@Etiam.edu,"P.O. Box 146, 7691 Faucibus. Avenue",20080628
Jena Hart,Non Inc.,+91 1484210021,consectetuer@ultricesposuerecubilia.org,"P.O. Box 978, 9768 Dui Rd.",20161020
Alfonso Hall,Odio Aliquam Ltd,+91 0749807424,quam.quis.diam@iaculis.edu,"P.O. Box 863, 8995 Sit Rd.",20150210
Marsden Bryan,Nulla Corp.,+91 0392034585,eu.placerat@sedleo.net,"P.O. Box 180, 3062 Parturient St.",20101010
Courtney Parrish,Consequat Lectus LLP,+91 0826509495,lacinia.Sed@ami.edu,"P.O. Box 874, 1911 Amet Av.",20080322
Jaime Doyle,Elit Pede Company,+91 0715699042,Sed.eget@Donecluctus.org,3354 Neque Av.,20160728
Joshua Fischer,Dolor Fusce LLP,+91 4131193621,eu.eros@vitaenibhDonec.ca,206-9738 Aenean Road,20160604
Amity Bruce,Habitant Morbi Tristique Industries,+91 9805743983,velit@blanditmattisCras.edu,"P.O. Box 225, 4348 Amet Av.",20150510
Odette Finley,Sed Consequat Auctor Institute,+91 1496229779,Sed.neque.Sed@urnaet.co.uk,Ap #567-461 Euismod Ave,20150116
Xander Green,Vitae Inc.,+91 1624246455,aliquam.iaculis@at.ca,"P.O. Box 491, 1283 Interdum Avenue",20090711
Mari Mcintosh,Felis Eget Ltd,+91 1783899944,quis@loremluctusut.net,428-6571 Tempor Rd.,20010120
Kiara Greer,Mattis Integer Eu Ltd,+91 3173336649,at.egestas.a@nunc.com,"P.O. Box 225, 7824 Dictum St.",20010113
Tanisha Boyer,Sed LLC,+91 5828555164,lorem.eu.metus@Namacnulla.org,"P.O. Box 183, 1067 Ante Street",20071020
Orli Torres,Mauris Vel Corp.,+91 2274367760,quam.quis.diam@inceptoshymenaeos.com,"P.O. Box 514, 8594 Vivamus Rd.",20100911
Ryder Sargent,Metus Aliquam Ltd,+91 6652377214,est.ac.mattis@Praesentinterdum.co.uk,7570 Morbi Avenue,20170524
Madeson Kane,Sem Ut Dolor Foundation,+91 1498875378,metus.eu.erat@ante.ca,671 Cras Street,20040813
Clark Briggs,Nullam Nisl Maecenas Limited,+91 0039379644,molestie.pharetra.nibh@estconguea.co.uk,"P.O. Box 563, 663 Volutpat. Av.",20001012
Finn Stanton,Ipsum Phasellus Vitae Incorporated,+91 7621221340,semper@Uttincidunt.net,Ap #453-920 Vivamus St.,20060119
Hilel Peck,Ridiculus Mus Donec Corporation,+91 6069835001,neque.venenatis@dictum.net,215-5681 Aliquam Street,20031203
Hiram Cleveland,Bibendum Company,+91 2688631700,mollis.dui@accumsansedfacilisis.net,661-1241 Integer Av.,20060718
Moana Franklin,Lorem Eu Metus Corp.,+91 1570946576,pharetra.Nam@elit.com,"2264 Non, Rd.",20070225
Henry Mccray,Vivamus Ltd,+91 3557935425,felis.Donec@fermentumconvallis.ca,1680 Metus. Street,20160930
Arthur Gallagher,Duis Volutpat Associates,+91 7821692253,enim@turpisvitae.net,408-4755 Quisque Road,20120918
Nigel Harrell,Integer Aliquam Adipiscing Limited,+91 0065857089,Suspendisse.commodo.tincidunt@lacinia.net,4288 Nunc Ave,20150515
Giacomo Meyers,Cum Sociis LLP,+91 1339344573,Sed.molestie.Sed@sed.org,920-9318 Duis Road,20140716
Aline Bowen,A Nunc LLP,+91 0324943409,scelerisque@eleifend.ca,657-8094 Est Street,20051031
Herrod Peck,Non Luctus Limited,+91 8285132366,et.netus@disparturientmontes.org,"P.O. Box 387, 6851 Fames Ave",20130314
Kimberly Reeves,Ut Industries,+91 9725182737,id.erat@bibendumDonec.edu,"P.O. Box 557, 321 Sit Ave",20060617
Larissa Gilliam,Parturient Montes Limited,+91 3070618077,eget@eleifend.ca,352-2392 Gravida St.,20030922
Aretha Dawson,Eros Turpis Associates,+91 9240432181,molestie.arcu@arcuVivamus.edu,Ap #157-5760 Vel Street,20160324